CODE,NAME,YEAR,MEAS_COV,CASES
ABW,Aruba,2018.0,90.0,0.0
ABW,Aruba,2019.0,90.0,1.0
ABW,Aruba,2021.0,85.155,0.0
ABW,Aruba,2022.0,87.305,0.0
ABW,Aruba,2023.0,87.16499999999999,0.0
AFG,Afghanistan,2018.0,65.99833333333333,2012.0
AFG,Afghanistan,2019.0,58.0,353.0
AFG,Afghanistan,2020.0,59.376666666666665,640.0
AFG,Afghanistan,2021.0,57.626666666666665,2900.0
AFG,Afghanistan,2022.0,62.79666666666666,5166.0
AFG,Afghanistan,2023.0,62.06333333333333,2792.0
AFR,African Region,2018.0,40.0,125426.0
AFR,African Region,2019.0,45.666666666666664,618595.0
AFR,African Region,2020.0,49.333333333333336,115368.0
AFR,African Region,2021.0,49.333333333333336,88760.0
AFR,African Region,2022.0,52.333333333333336,97230.0
AFR,African Region,2023.0,59.5,424433.0
AGO,Angola,2018.0,50.166666666666664,57.0
AGO,Angola,2019.0,57.86666666666667,2987.0
AGO,Angola,2020.0,52.38999999999999,1085.0
AGO,Angola,2021.0,44.61333333333334,300.0
AGO,Angola,2022.0,47.333333333333336,3271.0
AGO,Angola,2023.0,58.64666666666667,3508.0
AIA,Anguilla,2018.0,77.0,0.0
AIA,Anguilla,2019.0,78.0,0.0
AIA,Anguilla,2020.0,74.95,0.0
AIA,Anguilla,2021.0,73.7375,0.0
AIA,Anguilla,2022.0,76.3475,0.0
AIA,Anguilla,2023.0,71.015,0.0
ALB,Albania,2018.0,95.12333333333333,1469.0
ALB,Albania,2019.0,95.55,488.0
ALB,Albania,2020.0,92.52999999999999,4.0
ALB,Albania,2021.0,89.3175,0.0
ALB,Albania,2022.0,89.3875,1.0
ALB,Albania,2023.0,88.07833333333333,13.0
AMR,Region of the Americas,2018.0,68.33333333333333,16714.0
AMR,Region of the Americas,2019.0,61.333333333333336,21971.0
AMR,Region of the Americas,2020.0,61.0,9996.0
AMR,Region of the Americas,2021.0,62.333333333333336,682.0
AMR,Region of the Americas,2022.0,62.333333333333336,47.0
AMR,Region of the Americas,2023.0,80.0,14.0
AND,Andorra,2018.0,97.0575,0.0
AND,Andorra,2019.0,97.2425,0.0
AND,Andorra,2020.0,95.66499999999999,0.0
AND,Andorra,2021.0,97.9375,0.0
AND,Andorra,2022.0,96.89,0.0
AND,Andorra,2023.0,97.5,0.0
ARE,United Arab Emirates,2018.0,98.5,172.0
ARE,United Arab Emirates,2019.0,98.25,187.0
ARE,United Arab Emirates,2020.0,95.75999999999999,50.0
ARE,United Arab Emirates,2021.0,96.425,35.0
ARE,United Arab Emirates,2022.0,95.126,98.0
ARE,United Arab Emirates,2023.0,94.77,484.0
ARG,Argentina,2018.0,97.16666666666667,14.0
ARG,Argentina,2019.0,85.0,130.0
ARG,Argentina,2020.0,74.23833333333333,69.0
ARG,Argentina,2021.0,82.71,0.0
ARG,Argentina,2022.0,89.43333333333334,2.0
ARG,Argentina,2023.0,66.91333333333334,0.0
ARM,Armenia,2018.0,95.5,19.0
ARM,Armenia,2019.0,95.5,7.0
ARM,Armenia,2020.0,94.28833333333334,0.0
ARM,Armenia,2021.0,93.99000000000001,0.0
ARM,Armenia,2022.0,94.44,0.0
ARM,Armenia,2023.0,95.91666666666667,554.0
ATG,Antigua and Barbuda,2018.0,95.5,1.0
ATG,Antigua and Barbuda,2019.0,84.83333333333333,0.0
ATG,Antigua and Barbuda,2020.0,84.595,0.0
ATG,Antigua and Barbuda,2021.0,80.39666666666666,0.0
ATG,Antigua and Barbuda,2022.0,96.81833333333333,0.0
ATG,Antigua and Barbuda,2023.0,90.495,0.0
AUS,Australia,2018.0,93.485,103.0
AUS,Australia,2019.0,93.795,286.0
AUS,Australia,2020.0,93.84,25.0
AUS,Australia,2021.0,93.37333333333333,0.0
AUS,Australia,2022.0,93.62666666666667,7.0
AUS,Australia,2023.0,92.04333333333334,26.0
AUT,Austria,2018.0,88.825,77.0
AUT,Austria,2019.0,91.25,151.0
AUT,Austria,2020.0,91.51,25.0
AUT,Austria,2021.0,98.18,1.0
AUT,Austria,2022.0,94.425,1.0
AUT,Austria,2023.0,94.5,186.0
AZE,Azerbaijan,2018.0,96.0,55.0
AZE,Azerbaijan,2019.0,97.2,281.0
AZE,Azerbaijan,2020.0,80.56,2.0
AZE,Azerbaijan,2021.0,91.52666666666669,0.0
AZE,Azerbaijan,2022.0,91.75166666666667,1.0
AZE,Azerbaijan,2023.0,94.65333333333335,13207.0
BDI,Burundi,2018.0,82.49833333333333,9.0
BDI,Burundi,2019.0,86.95,112.0
BDI,Burundi,2020.0,88.66666666666667,1700.0
BDI,Burundi,2021.0,85.99666666666667,369.0
BDI,Burundi,2022.0,86.14666666666666,212.0
BDI,Burundi,2023.0,82.5,1684.0
BEL,Belgium,2018.0,88.925,117.0
BEL,Belgium,2019.0,89.05,480.0
BEL,Belgium,2020.0,89.525,47.0
BEL,Belgium,2021.0,89.5,7.0
BEL,Belgium,2022.0,89.525,8.0
BEL,Belgium,2023.0,89.075,67.0
BEN,Benin,2018.0,77.33333333333333,493.0
BEN,Benin,2019.0,81.66666666666667,437.0
BEN,Benin,2020.0,76.38333333333334,18.0
BEN,Benin,2021.0,80.94,35.0
BEN,Benin,2022.0,81.41666666666667,455.0
BEN,Benin,2023.0,75.44666666666667,478.0
BFA,Burkina Faso,2018.0,81.06333333333333,4072.0
BFA,Burkina Faso,2019.0,81.16666666666667,672.0
BFA,Burkina Faso,2020.0,83.61666666666666,2480.0
BFA,Burkina Faso,2021.0,84.56833333333333,0.0
BFA,Burkina Faso,2022.0,88.41833333333334,252.0
BFA,Burkina Faso,2023.0,86.65333333333332,680.0
BGD,Bangladesh,2018.0,98.92166666666667,2263.0
BGD,Bangladesh,2019.0,100.63499999999999,5827.0
BGD,Bangladesh,2020.0,97.86333333333334,2410.0
BGD,Bangladesh,2021.0,100.77499999999999,203.0
BGD,Bangladesh,2022.0,106.535,311.0
BGD,Bangladesh,2023.0,102.64999999999999,281.0
BGR,Bulgaria,2018.0,90.10000000000001,13.0
BGR,Bulgaria,2019.0,85.41666666666667,1231.0
BGR,Bulgaria,2020.0,86.26666666666667,257.0
BGR,Bulgaria,2021.0,87.58999999999999,0.0
BGR,Bulgaria,2022.0,89.14333333333333,1.0
BGR,Bulgaria,2023.0,89.5,0.0
BHR,Bahrain,2018.0,99.5,0.0
BHR,Bahrain,2019.0,99.66666666666667,3.0
BHR,Bahrain,2020.0,99.66666666666667,0.0
BHR,Bahrain,2021.0,99.27,0.0
BHR,Bahrain,2022.0,99.66666666666667,18.0
BHR,Bahrain,2023.0,99.66666666666667,3.0
BHS,Bahamas,2018.0,79.0,0.0
BHS,Bahamas,2019.0,83.0,3.0
BHS,Bahamas,2020.0,84.83999999999999,0.0
BHS,Bahamas,2021.0,81.08666666666666,0.0
BHS,Bahamas,2022.0,72.72333333333334,0.0
BHS,Bahamas,2023.0,69.52333333333333,0.0
BIH,Bosnia and Herzegovina,2018.0,71.48333333333333,62.0
BIH,Bosnia and Herzegovina,2019.0,73.10833333333333,1404.0
BIH,Bosnia and Herzegovina,2020.0,60.5,0.0
BIH,Bosnia and Herzegovina,2021.0,61.96333333333333,0.0
BIH,Bosnia and Herzegovina,2022.0,59.14333333333334,6.0
BIH,Bosnia and Herzegovina,2023.0,59.0,13.0
BLR,Belarus,2018.0,98.23333333333333,259.0
BLR,Belarus,2019.0,98.10000000000001,201.0
BLR,Belarus,2020.0,97.60000000000001,0.0
BLR,Belarus,2021.0,97.77666666666666,3.0
BLR,Belarus,2022.0,98.12,0.0
BLR,Belarus,2023.0,95.96999999999998,193.0
BLZ,Belize,2018.0,94.0,0.0
BLZ,Belize,2019.0,95.5,0.0
BLZ,Belize,2020.0,84.44833333333334,0.0
BLZ,Belize,2021.0,77.98,0.0
BLZ,Belize,2022.0,78.59666666666666,0.0
BLZ,Belize,2023.0,90.44,0.0
BMU,Bermuda,2018.0,78.5,0.0
BMU,Bermuda,2019.0,105.0,0.0
BMU,Bermuda,2020.0,86.39500000000001,0.0
BMU,Bermuda,2021.0,78.49000000000001,0.0
BMU,Bermuda,2022.0,71.44,0.0
BMU,Bermuda,2023.0,85.08500000000001,0.0
BOL,Bolivia (Plurinational State of),2018.0,63.5,0.0
BOL,Bolivia (Plurinational State of),2019.0,61.5,0.0
BOL,Bolivia (Plurinational State of),2020.0,60.27,2.0
BOL,Bolivia (Plurinational State of),2021.0,65.44666666666667,0.0
BOL,Bolivia (Plurinational State of),2022.0,58.85999999999999,0.0
BOL,Bolivia (Plurinational State of),2023.0,59.13666666666666,0.0
BRA,Brazil,2018.0,84.0,10330.0
BRA,Brazil,2019.0,72.5,20901.0
BRA,Brazil,2020.0,61.55833333333334,8448.0
BRA,Brazil,2021.0,59.84833333333333,668.0
BRA,Brazil,2022.0,69.24333333333333,41.0
BRA,Brazil,2023.0,75.26666666666667,0.0
BRB,Barbados,2018.0,79.5,0.0
BRB,Barbados,2019.0,90.16666666666667,0.0
BRB,Barbados,2020.0,83.75,0.0
BRB,Barbados,2021.0,73.32333333333334,0.0
BRB,Barbados,2022.0,79.16666666666667,0.0
BRB,Barbados,2023.0,82.57,0.0
BRN,Brunei Darussalam,2018.0,98.5,1.0
BRN,Brunei Darussalam,2019.0,97.5,1.0
BRN,Brunei Darussalam,2020.0,97.98,0.0
BRN,Brunei Darussalam,2021.0,99.0,0.0
BRN,Brunei Darussalam,2022.0,97.92666666666666,0.0
BRN,Brunei Darussalam,2023.0,98.03000000000002,1.0
BTN,Bhutan,2018.0,94.61666666666667,18.0
BTN,Bhutan,2019.0,94.5,2.0
BTN,Bhutan,2020.0,94.93,0.0
BTN,Bhutan,2021.0,94.08666666666666,0.0
BTN,Bhutan,2022.0,96.92,7.0
BTN,Bhutan,2023.0,99.96666666666665,10.0
BWA,Botswana,2018.0,83.4,0.0
BWA,Botswana,2019.0,84.2,0.0
BWA,Botswana,2020.0,72.38,5.0
BWA,Botswana,2021.0,77.96,0.0
BWA,Botswana,2022.0,78.535,1.0
BWA,Botswana,2023.0,83.55250000000001,63.0
CAF,Central African Republic,2018.0,61.666666666666664,224.0
CAF,Central African Republic,2019.0,56.51333333333334,3390.0
CAF,Central African Republic,2020.0,68.05333333333333,3433.0
CAF,Central African Republic,2021.0,65.60000000000001,286.0
CAF,Central African Republic,2022.0,69.02333333333333,155.0
CAF,Central African Republic,2023.0,81.57333333333334,3841.0
CAN,Canada,2018.0,88.545,28.0
CAN,Canada,2019.0,88.5,113.0
CAN,Canada,2020.0,86.5,1.0
CAN,Canada,2021.0,86.5,0.0
CAN,Canada,2022.0,85.5,3.0
CAN,Canada,2023.0,85.5,12.0
CHE,Switzerland,2018.0,92.48333333333333,50.0
CHE,Switzerland,2019.0,92.5,0.0
CHE,Switzerland,2020.0,95.13333333333333,37.0
CHE,Switzerland,2021.0,94.5,0.0
CHE,Switzerland,2022.0,95.0,1.0
CHE,Switzerland,2023.0,93.0,52.0
CHL,Chile,2018.0,93.0,24.0
CHL,Chile,2019.0,93.0,11.0
CHL,Chile,2020.0,87.00333333333333,2.0
CHL,Chile,2021.0,91.60666666666667,0.0
CHL,Chile,2022.0,87.59333333333332,0.0
CHL,Chile,2023.0,81.85333333333334,1.0
CHN,China,2018.0,98.9525,3940.0
CHN,China,2019.0,98.575,2974.0
CHN,China,2020.0,99.08666666666666,867.0
CHN,China,2021.0,99.25666666666666,554.0
CHN,China,2022.0,99.08,552.0
CHN,China,2023.0,95.71499999999999,621.0
CIV,Côte d'Ivoire,2018.0,86.0,453.0
CIV,Côte d'Ivoire,2019.0,85.05666666666667,372.0
CIV,Côte d'Ivoire,2020.0,78.32666666666667,600.0
CIV,Côte d'Ivoire,2021.0,40.57666666666667,1837.0
CIV,Côte d'Ivoire,2022.0,48.910000000000004,1596.0
CIV,Côte d'Ivoire,2023.0,64.07333333333334,1361.0
CMR,Cameroon,2018.0,64.31666666666666,814.0
CMR,Cameroon,2019.0,64.5,2809.0
CMR,Cameroon,2020.0,45.395,1509.0
CMR,Cameroon,2021.0,49.25333333333333,771.0
CMR,Cameroon,2022.0,54.85166666666667,3217.0
CMR,Cameroon,2023.0,61.57,6105.0
COD,Democratic Republic of the Congo,2018.0,73.23333333333333,69693.0
COD,Democratic Republic of the Congo,2019.0,73.97666666666667,333017.0
COD,Democratic Republic of the Congo,2020.0,71.70333333333333,82290.0
COD,Democratic Republic of the Congo,2021.0,64.82333333333334,54471.0
COD,Democratic Republic of the Congo,2022.0,69.09666666666668,4380.0
COD,Democratic Republic of the Congo,2023.0,41.245,311500.0
COG,Congo,2018.0,77.66666666666667,28.0
COG,Congo,2019.0,49.406,66.0
COG,Congo,2020.0,48.425000000000004,37.0
COG,Congo,2021.0,49.43666666666667,160.0
COG,Congo,2022.0,49.46,6718.0
COG,Congo,2023.0,53.14666666666667,385.0
COK,Cook Islands,2018.0,98.0,0.0
COK,Cook Islands,2019.0,98.75,0.0
COK,Cook Islands,2022.0,56.0,0.0
COK,Cook Islands,2023.0,80.4325,0.0
COL,Colombia,2018.0,91.5,208.0
COL,Colombia,2019.0,92.0,244.0
COL,Colombia,2020.0,89.14166666666667,1.0
COL,Colombia,2021.0,86.0,0.0
COL,Colombia,2022.0,85.89999999999999,0.0
COL,Colombia,2023.0,88.27,0.0
COM,Comoros,2018.0,79.2,0.0
COM,Comoros,2019.0,80.66666666666667,65.0
COM,Comoros,2020.0,80.14666666666666,0.0
COM,Comoros,2021.0,62.031666666666666,0.0
COM,Comoros,2022.0,77.35666666666667,4.0
COM,Comoros,2023.0,74.465,51.0
CPV,Cabo Verde,2018.0,93.5,0.0
CPV,Cabo Verde,2019.0,94.41666666666667,0.0
CPV,Cabo Verde,2021.0,97.58666666666666,0.0
CPV,Cabo Verde,2022.0,101.80666666666667,0.0
CPV,Cabo Verde,2023.0,92.99,0.0
CRI,Costa Rica,2018.0,96.83333333333333,0.0
CRI,Costa Rica,2019.0,97.0,10.0
CRI,Costa Rica,2020.0,87.85333333333334,0.0
CRI,Costa Rica,2021.0,78.79166666666667,0.0
CRI,Costa Rica,2022.0,82.40333333333334,0.0
CRI,Costa Rica,2023.0,88.23333333333333,1.0
CUB,Cuba,2018.0,99.66666666666667,0.0
CUB,Cuba,2019.0,99.66666666666667,0.0
CUB,Cuba,2020.0,98.28833333333334,0.0
CUB,Cuba,2021.0,99.50333333333333,0.0
CUB,Cuba,2022.0,99.50999999999999,0.0
CUB,Cuba,2023.0,99.39,0.0
CUW,Curaçao,2018.0,77.5,0.0
CUW,Curaçao,2019.0,85.0,1.0
CYM,Cayman Islands,2018.0,80.0,0.0
CYM,Cayman Islands,2020.0,72.08,0.0
CYM,Cayman Islands,2021.0,76.52000000000001,0.0
CYM,Cayman Islands,2022.0,81.50999999999999,0.0
CYM,Cayman Islands,2023.0,90.075,0.0
CYP,Cyprus,2018.0,89.39999999999999,15.0
CYP,Cyprus,2019.0,86.73333333333333,6.0
CYP,Cyprus,2020.0,86.8,1.0
CYP,Cyprus,2021.0,86.8,1.0
CYP,Cyprus,2022.0,83.1975,0.0
CYP,Cyprus,2023.0,80.68666666666667,0.0
CZE,Czechia,2018.0,89.98333333333333,207.0
CZE,Czechia,2019.0,90.965,590.0
CZE,Czechia,2020.0,91.99,4.0
CZE,Czechia,2021.0,95.0125,0.0
CZE,Czechia,2022.0,95.0125,0.0
CZE,Czechia,2023.0,87.735,1.0
DEU,Germany,2018.0,94.96666666666665,543.0
DEU,Germany,2019.0,95.10000000000001,514.0
DEU,Germany,2020.0,94.99000000000001,76.0
DEU,Germany,2021.0,95.24666666666667,10.0
DEU,Germany,2022.0,93.66666666666667,15.0
DEU,Germany,2023.0,94.0,79.0
DJI,Djibouti,2018.0,83.43,28.0
DJI,Djibouti,2019.0,82.33500000000001,0.0
DJI,Djibouti,2020.0,61.495000000000005,0.0
DJI,Djibouti,2021.0,49.315,0.0
DJI,Djibouti,2022.0,53.06666666666666,206.0
DJI,Djibouti,2023.0,81.75,446.0
DMA,Dominica,2018.0,82.5,0.0
DMA,Dominica,2019.0,92.0,0.0
DMA,Dominica,2020.0,90.97666666666667,0.0
DMA,Dominica,2021.0,87.60000000000001,0.0
DMA,Dominica,2022.0,86.97333333333334,0.0
DMA,Dominica,2023.0,94.55666666666667,0.0
DNK,Denmark,2018.0,92.14999999999999,8.0
DNK,Denmark,2019.0,92.83333333333333,15.0
DNK,Denmark,2020.0,91.95333333333333,4.0
DNK,Denmark,2021.0,94.29166666666667,0.0
DNK,Denmark,2022.0,94.05666666666667,0.0
DNK,Denmark,2023.0,93.80833333333334,9.0
DOM,Dominican Republic,2018.0,62.333333333333336,0.0
DOM,Dominican Republic,2019.0,78.0,0.0
DOM,Dominican Republic,2020.0,68.55666666666667,0.0
DOM,Dominican Republic,2021.0,73.89999999999999,0.0
DOM,Dominican Republic,2022.0,88.54333333333334,0.0
DOM,Dominican Republic,2023.0,82.05833333333334,0.0
DZA,Algeria,2018.0,78.51833333333333,3356.0
DZA,Algeria,2019.0,78.0,2585.0
DZA,Algeria,2022.0,74.965,47.0
DZA,Algeria,2023.0,95.9525,203.0
ECU,Ecuador,2018.0,78.5,19.0
ECU,Ecuador,2019.0,79.5,0.0
ECU,Ecuador,2020.0,75.45666666666666,0.0
ECU,Ecuador,2021.0,61.74,0.0
ECU,Ecuador,2022.0,67.06666666666666,0.0
ECU,Ecuador,2023.0,81.66666666666667,0.0
EGY,Egypt,2018.0,94.23333333333333,48.0
EGY,Egypt,2019.0,94.43333333333334,0.0
EGY,Egypt,2020.0,93.83,3.0
EGY,Egypt,2021.0,95.80666666666667,0.0
EGY,Egypt,2022.0,95.81,14.0
EGY,Egypt,2023.0,95.37666666666667,267.0
EMR,Eastern Mediterranean Region,2018.0,76.33333333333333,64764.0
EMR,Eastern Mediterranean Region,2019.0,77.66666666666667,18458.0
EMR,Eastern Mediterranean Region,2020.0,78.0,6769.0
EMR,Eastern Mediterranean Region,2021.0,77.33333333333333,26089.0
EMR,Eastern Mediterranean Region,2022.0,77.66666666666667,56401.0
EMR,Eastern Mediterranean Region,2023.0,76.0,92761.0
ERI,Eritrea,2018.0,80.75,70.0
ERI,Eritrea,2019.0,84.84,6.0
ERI,Eritrea,2020.0,84.90666666666667,12.0
ERI,Eritrea,2021.0,85.90333333333332,25.0
ERI,Eritrea,2022.0,85.59166666666665,28.0
ERI,Eritrea,2023.0,84.03666666666668,54.0
ESP,Spain,2018.0,95.985,225.0
ESP,Spain,2019.0,96.11333333333334,288.0
ESP,Spain,2020.0,95.18833333333333,89.0
ESP,Spain,2021.0,93.20333333333333,2.0
ESP,Spain,2022.0,94.18666666666667,1.0
ESP,Spain,2023.0,93.98,15.0
EST,Estonia,2018.0,87.56666666666666,10.0
EST,Estonia,2019.0,88.8,27.0
EST,Estonia,2020.0,88.94666666666667,0.0
EST,Estonia,2021.0,86.54,0.0
EST,Estonia,2022.0,77.23,0.0
EST,Estonia,2023.0,81.26833333333333,4.0
ETH,Ethiopia,2018.0,76.64333333333333,1752.0
ETH,Ethiopia,2019.0,68.36666666666666,3998.0
ETH,Ethiopia,2020.0,72.24833333333333,1952.0
ETH,Ethiopia,2021.0,69.18333333333334,1953.0
ETH,Ethiopia,2022.0,74.18666666666667,9292.0
ETH,Ethiopia,2023.0,78.25,24038.0
EUR,European Region,2018.0,66.33333333333333,89148.0
EUR,European Region,2019.0,67.0,106481.0
EUR,European Region,2020.0,66.33333333333333,11113.0
EUR,European Region,2021.0,66.66666666666667,109.0
EUR,European Region,2022.0,66.33333333333333,879.0
EUR,European Region,2023.0,93.0,55624.0
FIN,Finland,2018.0,94.625,15.0
FIN,Finland,2019.0,94.5,12.0
FIN,Finland,2020.0,94.0,4.0
FIN,Finland,2021.0,93.0,3.0
FIN,Finland,2022.0,93.0,0.0
FIN,Finland,2023.0,93.16666666666667,1.0
FJI,Fiji,2018.0,89.35000000000001,0.0
FJI,Fiji,2019.0,81.06,28.0
FJI,Fiji,2020.0,79.07,0.0
FJI,Fiji,2021.0,88.5,0.0
FJI,Fiji,2022.0,87.95666666666666,0.0
FJI,Fiji,2023.0,89.72000000000001,0.0
FRA,France,2018.0,85.96666666666665,2921.0
FRA,France,2019.0,88.075,2637.0
FRA,France,2020.0,90.55,240.0
FRA,France,2021.0,90.23333333333333,16.0
FRA,France,2022.0,92.7,15.0
FRA,France,2023.0,93.96666666666665,117.0
FSM,Micronesia (Federated States of),2018.0,60.5,0.0
FSM,Micronesia (Federated States of),2019.0,65.0,0.0
FSM,Micronesia (Federated States of),2020.0,70.40666666666667,0.0
FSM,Micronesia (Federated States of),2021.0,51.083333333333336,0.0
FSM,Micronesia (Federated States of),2022.0,54.68333333333334,1.0
FSM,Micronesia (Federated States of),2023.0,72.27,1.0
GAB,Gabon,2018.0,59.0,1.0
GAB,Gabon,2019.0,61.89000000000001,2.0
GAB,Gabon,2020.0,52.79333333333333,9.0
GAB,Gabon,2021.0,64.13333333333334,134.0
GAB,Gabon,2022.0,51.80666666666667,1293.0
GAB,Gabon,2023.0,65.96,1167.0
GBR,United Kingdom of Great Britain and Northern Ireland,2018.0,90.0,1216.0
GBR,United Kingdom of Great Britain and Northern Ireland,2019.0,89.0,1092.0
GBR,United Kingdom of Great Britain and Northern Ireland,2020.0,89.18666666666667,95.0
GBR,United Kingdom of Great Britain and Northern Ireland,2021.0,89.10000000000001,2.0
GBR,United Kingdom of Great Britain and Northern Ireland,2022.0,88.26666666666667,63.0
GBR,United Kingdom of Great Britain and Northern Ireland,2023.0,87.51333333333332,493.0
GEO,Georgia,2018.0,97.0,2199.0
GEO,Georgia,2019.0,98.33333333333333,3918.0
GEO,Georgia,2020.0,84.08999999999999,20.0
GEO,Georgia,2021.0,85.62,5.0
GEO,Georgia,2022.0,84.12333333333333,12.0
GEO,Georgia,2023.0,90.5,39.0
GHA,Ghana,2018.0,88.255,34.0
GHA,Ghana,2019.0,88.61500000000001,1274.0
GHA,Ghana,2020.0,81.8775,88.0
GHA,Ghana,2021.0,89.33,52.0
GHA,Ghana,2022.0,89.46666666666665,395.0
GHA,Ghana,2023.0,84.50666666666667,2282.0
GIN,Guinea,2018.0,73.66666666666667,482.0
GIN,Guinea,2019.0,73.49,4555.0
GIN,Guinea,2020.0,73.94,506.0
GIN,Guinea,2021.0,64.72,505.0
GIN,Guinea,2022.0,36.89666666666667,417.0
GIN,Guinea,2023.0,50.24166666666667,94.0
GLOBAL,Global,2018.0,70.66666666666667,360296.0
GLOBAL,Global,2019.0,71.66666666666667,873373.0
GLOBAL,Global,2020.0,71.0,159240.0
GLOBAL,Global,2021.0,70.0,123152.0
GLOBAL,Global,2022.0,72.33333333333333,205200.0
GLOBAL,Global,2023.0,78.5,663830.0
GMB,Gambia,2018.0,80.96166666666666,4.0
GMB,Gambia,2019.0,72.985,1.0
GMB,Gambia,2021.0,71.495,0.0
GMB,Gambia,2022.0,62.98333333333333,58.0
GMB,Gambia,2023.0,76.59333333333333,38.0
GNB,Guinea-Bissau,2018.0,79.0,28.0
GNB,Guinea-Bissau,2019.0,79.0,60.0
GNB,Guinea-Bissau,2020.0,78.08999999999999,22.0
GNB,Guinea-Bissau,2021.0,73.04333333333334,0.0
GNB,Guinea-Bissau,2022.0,42.983999999999995,213.0
GNB,Guinea-Bissau,2023.0,58.568000000000005,5.0
GNQ,Equatorial Guinea,2018.0,43.333333333333336,0.0
GNQ,Equatorial Guinea,2019.0,50.98333333333333,0.0
GNQ,Equatorial Guinea,2020.0,57.93666666666667,53.0
GNQ,Equatorial Guinea,2021.0,34.53,43.0
GNQ,Equatorial Guinea,2022.0,30.99666666666667,49.0
GNQ,Equatorial Guinea,2023.0,44.36333333333334,270.0
GRC,Greece,2018.0,92.43333333333334,2291.0
GRC,Greece,2019.0,92.43333333333334,45.0
GRC,Greece,2020.0,92.43333333333334,3.0
GRC,Greece,2021.0,92.43333333333334,0.0
GRC,Greece,2022.0,90.0,0.0
GRC,Greece,2023.0,90.0,0.0
GRD,Grenada,2018.0,79.0,0.0
GRD,Grenada,2019.0,88.16666666666667,0.0
GRD,Grenada,2020.0,80.81333333333333,0.0
GRD,Grenada,2021.0,62.3525,0.0
GRD,Grenada,2022.0,71.83999999999999,0.0
GRD,Grenada,2023.0,83.14666666666666,0.0
GTM,Guatemala,2018.0,83.5,1.0
GTM,Guatemala,2019.0,84.0,0.0
GTM,Guatemala,2020.0,84.17666666666666,0.0
GTM,Guatemala,2021.0,83.58666666666666,0.0
GTM,Guatemala,2022.0,78.48333333333333,0.0
GTM,Guatemala,2023.0,82.51666666666667,0.0
GUM,Guam,2018.0,83.75,0.0
GUM,Guam,2019.0,,0.0
GUM,Guam,2021.0,,0.0
GUM,Guam,2023.0,90.96,0.0
GUY,Guyana,2018.0,91.0,0.0
GUY,Guyana,2019.0,95.0,0.0
GUY,Guyana,2020.0,100.06666666666666,0.0
GUY,Guyana,2021.0,89.08333333333333,0.0
GUY,Guyana,2022.0,100.55333333333334,0.0
GUY,Guyana,2023.0,99.68666666666667,0.0
HKG,"China, Hong Kong SAR",2018.0,96.04,17.0
HKG,"China, Hong Kong SAR",2019.0,95.77,90.0
HKG,"China, Hong Kong SAR",2020.0,93.22,1.0
HKG,"China, Hong Kong SAR",2021.0,95.005,1.0
HKG,"China, Hong Kong SAR",2022.0,95.21000000000001,3.0
HKG,"China, Hong Kong SAR",2023.0,95.19,4.0
HND,Honduras,2018.0,92.5,0.0
HND,Honduras,2019.0,87.0,0.0
HND,Honduras,2020.0,80.57000000000001,0.0
HND,Honduras,2021.0,77.75666666666667,0.0
HND,Honduras,2022.0,73.60333333333334,0.0
HND,Honduras,2023.0,75.55333333333333,0.0
HRV,Croatia,2018.0,93.96666666666665,23.0
HRV,Croatia,2019.0,93.94,52.0
HRV,Croatia,2020.0,91.09333333333332,0.0
HRV,Croatia,2021.0,89.7,0.0
HRV,Croatia,2022.0,90.13333333333333,0.0
HRV,Croatia,2023.0,90.04333333333334,3.0
HTI,Haiti,2018.0,61.403333333333336,0.0
HTI,Haiti,2019.0,61.26,0.0
HTI,Haiti,2020.0,60.67666666666667,0.0
HTI,Haiti,2021.0,56.620000000000005,0.0
HTI,Haiti,2022.0,58.35333333333333,0.0
HTI,Haiti,2023.0,71.18,0.0
HUN,Hungary,2018.0,99.4,14.0
HUN,Hungary,2019.0,99.425,23.0
HUN,Hungary,2020.0,99.2775,0.0
HUN,Hungary,2021.0,99.36,0.0
HUN,Hungary,2022.0,99.50999999999999,0.0
HUN,Hungary,2023.0,99.53333333333335,1.0
IDN,Indonesia,2018.0,75.36833333333334,5300.0
IDN,Indonesia,2019.0,80.96666666666667,1965.0
IDN,Indonesia,2020.0,68.63333333333334,524.0
IDN,Indonesia,2021.0,67.80833333333334,394.0
IDN,Indonesia,2022.0,90.49666666666667,7704.0
IDN,Indonesia,2023.0,78.06833333333333,18063.0
IND,India,2018.0,89.77333333333333,19474.0
IND,India,2019.0,89.59666666666668,10430.0
IND,India,2020.0,84.81,5604.0
IND,India,2021.0,85.545,5700.0
IND,India,2022.0,92.66000000000001,40967.0
IND,India,2023.0,91.56333333333333,65150.0
IRL,Ireland,2018.0,92.22666666666667,76.0
IRL,Ireland,2019.0,90.78999999999999,65.0
IRL,Ireland,2020.0,91.188,15.0
IRL,Ireland,2021.0,88.38,0.0
IRL,Ireland,2022.0,87.8,2.0
IRL,Ireland,2023.0,89.32000000000001,4.0
IRN,Iran (Islamic Republic of),2018.0,98.955,203.0
IRN,Iran (Islamic Republic of),2019.0,98.665,20.0
IRN,Iran (Islamic Republic of),2020.0,99.25833333333333,4.0
IRN,Iran (Islamic Republic of),2021.0,98.78666666666668,103.0
IRN,Iran (Islamic Republic of),2022.0,98.45333333333333,230.0
IRN,Iran (Islamic Republic of),2023.0,99.40666666666668,648.0
IRQ,Iraq,2018.0,83.175,489.0
IRQ,Iraq,2019.0,84.66666666666667,3799.0
IRQ,Iraq,2020.0,86.97666666666667,0.0
IRQ,Iraq,2021.0,81.03666666666668,197.0
IRQ,Iraq,2022.0,93.95666666666666,12.0
IRQ,Iraq,2023.0,93.46999999999998,12331.0
ISL,Iceland,2018.0,94.0,0.0
ISL,Iceland,2019.0,93.26666666666667,9.0
ISL,Iceland,2020.0,93.00999999999999,0.0
ISL,Iceland,2021.0,50.94333333333333,0.0
ISL,Iceland,2022.0,85.57666666666667,0.0
ISL,Iceland,2023.0,90.24666666666667,0.0
ISR,Israel,2018.0,97.13333333333333,3177.0
ISR,Israel,2019.0,98.08333333333333,1139.0
ISR,Israel,2020.0,97.42999999999999,6.0
ISR,Israel,2021.0,95.88,0.0
ISR,Israel,2022.0,94.94666666666667,0.0
ITA,Italy,2018.0,91.105,2682.0
ITA,Italy,2019.0,91.0175,1623.0
ITA,Italy,2020.0,93.11666666666667,103.0
ITA,Italy,2021.0,89.82666666666667,9.0
ITA,Italy,2022.0,89.65333333333335,15.0
ITA,Italy,2023.0,89.81,0.0
JAM,Jamaica,2018.0,85.5,0.0
JAM,Jamaica,2019.0,93.0,0.0
JAM,Jamaica,2020.0,91.00666666666666,0.0
JAM,Jamaica,2021.0,86.57333333333334,0.0
JAM,Jamaica,2022.0,86.88,0.0
JAM,Jamaica,2023.0,90.87333333333333,0.0
JOR,Jordan,2018.0,94.0,0.0
JOR,Jordan,2019.0,92.0,48.0
JOR,Jordan,2020.0,83.08666666666666,0.0
JOR,Jordan,2022.0,83.18,457.0
JOR,Jordan,2023.0,92.0,0.0
JPN,Japan,2018.0,95.10333333333334,279.0
JPN,Japan,2019.0,94.63333333333333,742.0
JPN,Japan,2020.0,96.52,12.0
JPN,Japan,2021.0,94.65666666666668,6.0
JPN,Japan,2022.0,96.555,0.0
JPN,Japan,2023.0,93.8175,0.0
KAZ,Kazakhstan,2018.0,98.63333333333333,576.0
KAZ,Kazakhstan,2019.0,98.32000000000001,13326.0
KAZ,Kazakhstan,2020.0,91.87166666666667,3270.0
KAZ,Kazakhstan,2021.0,96.5575,2.0
KAZ,Kazakhstan,2022.0,97.65499999999999,4.0
KAZ,Kazakhstan,2023.0,99.46666666666665,15111.0
KEN,Kenya,2018.0,65.56666666666666,822.0
KEN,Kenya,2019.0,70.50333333333333,439.0
KEN,Kenya,2020.0,80.595,597.0
KEN,Kenya,2021.0,73.76666666666667,266.0
KEN,Kenya,2022.0,73.83333333333333,1774.0
KEN,Kenya,2023.0,76.94666666666667,896.0
KGZ,Kyrgyzstan,2018.0,96.06666666666666,1007.0
KGZ,Kyrgyzstan,2019.0,97.2,2380.0
KGZ,Kyrgyzstan,2020.0,92.25333333333333,0.0
KGZ,Kyrgyzstan,2021.0,95.11,3.0
KGZ,Kyrgyzstan,2022.0,94.49333333333334,0.0
KGZ,Kyrgyzstan,2023.0,94.46333333333332,7046.0
KHM,Cambodia,2018.0,83.81,3.0
KHM,Cambodia,2019.0,89.58500000000001,684.0
KHM,Cambodia,2020.0,91.68333333333334,379.0
KHM,Cambodia,2021.0,82.78999999999999,5.0
KHM,Cambodia,2022.0,85.55,13.0
KHM,Cambodia,2023.0,80.5825,11.0
KIR,Kiribati,2018.0,89.16666666666667,0.0
KIR,Kiribati,2019.0,92.898,3.0
KIR,Kiribati,2020.0,69.38666666666667,0.0
KIR,Kiribati,2021.0,69.0775,1.0
KIR,Kiribati,2022.0,76.39,0.0
KIR,Kiribati,2023.0,62.9225,0.0
KNA,Saint Kitts and Nevis,2018.0,96.0,0.0
KNA,Saint Kitts and Nevis,2019.0,97.5,0.0
KNA,Saint Kitts and Nevis,2020.0,97.05,0.0
KNA,Saint Kitts and Nevis,2021.0,95.14999999999999,0.0
KNA,Saint Kitts and Nevis,2022.0,93.88,0.0
KNA,Saint Kitts and Nevis,2023.0,94.49333333333334,0.0
KOR,Republic of Korea,2018.0,97.44,15.0
KOR,Republic of Korea,2019.0,97.05333333333334,194.0
KOR,Republic of Korea,2020.0,96.50833333333333,6.0
KOR,Republic of Korea,2021.0,96.59833333333334,0.0
KOR,Republic of Korea,2022.0,96.265,0.0
KOR,Republic of Korea,2023.0,96.54,7.0
KWT,Kuwait,2018.0,96.0,42.0
KWT,Kuwait,2019.0,95.5,12.0
KWT,Kuwait,2021.0,94.0,3.0
KWT,Kuwait,2022.0,96.5,7.0
KWT,Kuwait,2023.0,94.82000000000001,6.0
LAO,Lao People's Democratic Republic,2018.0,82.0,10.0
LAO,Lao People's Democratic Republic,2019.0,74.24166666666667,1119.0
LAO,Lao People's Democratic Republic,2020.0,75.70666666666666,138.0
LAO,Lao People's Democratic Republic,2021.0,65.46,2.0
LAO,Lao People's Democratic Republic,2022.0,69.45,0.0
LAO,Lao People's Democratic Republic,2023.0,77.75333333333333,2.0
LBN,Lebanon,2018.0,81.858,944.0
LBN,Lebanon,2019.0,81.39666666666666,1047.0
LBN,Lebanon,2020.0,78.0,15.0
LBN,Lebanon,2021.0,72.0,0.0
LBN,Lebanon,2022.0,63.355,0.0
LBN,Lebanon,2023.0,73.68,346.0
LBR,Liberia,2018.0,85.33333333333333,3781.0
LBR,Liberia,2019.0,58.833333333333336,1203.0
LBR,Liberia,2020.0,51.23333333333333,884.0
LBR,Liberia,2021.0,52.13333333333333,250.0
LBR,Liberia,2022.0,74.60666666666667,8300.0
LBR,Liberia,2023.0,77.095,4604.0
LBY,Libya,2018.0,88.25,1082.0
LBY,Libya,2019.0,87.83333333333333,188.0
LBY,Libya,2020.0,87.18,0.0
LBY,Libya,2021.0,88.01666666666667,0.0
LBY,Libya,2022.0,87.87833333333333,32.0
LBY,Libya,2023.0,85.3,257.0
LCA,Saint Lucia,2018.0,77.0,0.0
LCA,Saint Lucia,2019.0,85.5,0.0
LCA,Saint Lucia,2020.0,80.29,0.0
LCA,Saint Lucia,2021.0,71.29666666666667,0.0
LCA,Saint Lucia,2022.0,71.94666666666667,0.0
LCA,Saint Lucia,2023.0,83.95333333333333,0.0
LKA,Sri Lanka,2018.0,98.5,1.0
LKA,Sri Lanka,2019.0,98.5,49.0
LKA,Sri Lanka,2020.0,95.81666666666666,2.0
LKA,Sri Lanka,2021.0,96.74333333333334,0.0
LKA,Sri Lanka,2022.0,98.59333333333332,0.0
LKA,Sri Lanka,2023.0,98.82666666666667,810.0
LSO,Lesotho,2018.0,64.66666666666667,7.0
LSO,Lesotho,2019.0,88.33333333333333,464.0
LSO,Lesotho,2020.0,78.81,39.0
LSO,Lesotho,2021.0,81.00333333333333,368.0
LSO,Lesotho,2022.0,74.92833333333333,3.0
LSO,Lesotho,2023.0,77.93333333333334,17.0
LTU,Lithuania,2018.0,91.93333333333334,30.0
LTU,Lithuania,2019.0,92.96666666666665,834.0
LTU,Lithuania,2020.0,90.37333333333333,2.0
LTU,Lithuania,2021.0,88.25999999999999,0.0
LTU,Lithuania,2022.0,86.68666666666667,0.0
LTU,Lithuania,2023.0,86.43333333333334,3.0
LUX,Luxembourg,2018.0,94.425,4.0
LUX,Luxembourg,2019.0,93.675,24.0
LUX,Luxembourg,2020.0,94.5,0.0
LUX,Luxembourg,2021.0,94.5,0.0
LUX,Luxembourg,2022.0,94.5,0.0
LUX,Luxembourg,2023.0,94.5,0.0
LVA,Latvia,2018.0,96.0,25.0
LVA,Latvia,2019.0,97.5,3.0
LVA,Latvia,2020.0,96.46666666666665,0.0
LVA,Latvia,2021.0,90.75666666666666,0.0
LVA,Latvia,2022.0,90.99666666666667,0.0
LVA,Latvia,2023.0,95.69333333333333,1.0
MAC,"China, Macao SAR",2018.0,94.2,3.0
MAC,"China, Macao SAR",2019.0,96.9675,37.0
MAC,"China, Macao SAR",2020.0,96.57,0.0
MAC,"China, Macao SAR",2021.0,95.535,0.0
MAC,"China, Macao SAR",2022.0,96.705,0.0
MAC,"China, Macao SAR",2023.0,96.84,0.0
MAR,Morocco,2018.0,99.66666666666667,483.0
MAR,Morocco,2019.0,98.83333333333333,0.0
MCO,Monaco,2018.0,83.5,0.0
MCO,Monaco,2019.0,83.5,1.0
MCO,Monaco,2020.0,84.0,0.0
MCO,Monaco,2021.0,84.0,0.0
MCO,Monaco,2022.0,84.0,0.0
MCO,Monaco,2023.0,84.0,0.0
MDA,Republic of Moldova,2018.0,94.49166666666667,340.0
MDA,Republic of Moldova,2019.0,95.89666666666666,90.0
MDA,Republic of Moldova,2020.0,88.67666666666666,0.0
MDA,Republic of Moldova,2021.0,87.41666666666667,0.0
MDA,Republic of Moldova,2022.0,88.43333333333334,0.0
MDA,Republic of Moldova,2023.0,88.93333333333334,3.0
MDG,Madagascar,2018.0,79.33333333333333,21420.0
MDG,Madagascar,2019.0,81.00666666666667,213231.0
MDG,Madagascar,2020.0,48.400000000000006,777.0
MDG,Madagascar,2021.0,52.123333333333335,44.0
MDG,Madagascar,2022.0,54.11666666666667,80.0
MDG,Madagascar,2023.0,66.42666666666666,355.0
MDV,Maldives,2018.0,99.425,1.0
MDV,Maldives,2019.0,97.31833333333333,0.0
MDV,Maldives,2020.0,136.20000000000002,15.0
MDV,Maldives,2021.0,97.61333333333334,0.0
MDV,Maldives,2022.0,97.96666666666665,0.0
MDV,Maldives,2023.0,98.89333333333333,5.0
MEX,Mexico,2018.0,98.0,5.0
MEX,Mexico,2019.0,67.0,0.0
MEX,Mexico,2020.0,90.97333333333334,196.0
MEX,Mexico,2021.0,99.35333333333334,0.0
MEX,Mexico,2022.0,84.27,0.0
MEX,Mexico,2023.0,75.01333333333334,0.0
MHL,Marshall Islands,2018.0,71.99333333333333,0.0
MHL,Marshall Islands,2019.0,60.19,0.0
MHL,Marshall Islands,2020.0,63.71666666666667,0.0
MHL,Marshall Islands,2021.0,55.78666666666666,0.0
MHL,Marshall Islands,2022.0,45.053333333333335,0.0
MHL,Marshall Islands,2023.0,74.50166666666667,0.0
MKD,North Macedonia,2018.0,84.36,64.0
MKD,North Macedonia,2019.0,84.5,1337.0
MKD,North Macedonia,2020.0,65.64,0.0
MKD,North Macedonia,2021.0,75.27,1.0
MKD,North Macedonia,2022.0,79.95,0.0
MKD,North Macedonia,2023.0,80.52,1.0
MLI,Mali,2018.0,80.0,499.0
MLI,Mali,2019.0,48.724000000000004,454.0
MLI,Mali,2020.0,55.836,498.0
MLI,Mali,2021.0,59.208333333333336,2074.0
MLI,Mali,2022.0,64.32833333333333,765.0
MLI,Mali,2023.0,70.81666666666666,364.0
MLT,Malta,2018.0,95.41666666666667,6.0
MLT,Malta,2019.0,95.65666666666668,30.0
MLT,Malta,2020.0,97.2,2.0
MLT,Malta,2021.0,91.55333333333334,1.0
MLT,Malta,2022.0,95.58666666666666,0.0
MLT,Malta,2023.0,91.40333333333335,0.0
MMR,Myanmar,2018.0,90.03833333333334,1389.0
MMR,Myanmar,2019.0,82.06666666666666,5252.0
MMR,Myanmar,2020.0,90.76666666666667,444.0
MMR,Myanmar,2021.0,43.02333333333333,8.0
MMR,Myanmar,2022.0,69.59666666666666,10.0
MMR,Myanmar,2023.0,69.34666666666668,15.0
MNE,Montenegro,2018.0,64.0,200.0
MNE,Montenegro,2019.0,57.695,0.0
MNE,Montenegro,2020.0,50.01666666666667,0.0
MNE,Montenegro,2021.0,48.629999999999995,0.0
MNE,Montenegro,2022.0,51.29,0.0
MNE,Montenegro,2023.0,46.330000000000005,0.0
MNG,Mongolia,2018.0,98.53333333333335,1.0
MNG,Mongolia,2019.0,98.16833333333334,2.0
MNG,Mongolia,2020.0,96.39,0.0
MNG,Mongolia,2021.0,94.55666666666667,0.0
MNG,Mongolia,2022.0,93.76666666666667,46.0
MNG,Mongolia,2023.0,95.99000000000001,0.0
MNP,Northern Mariana Islands,2018.0,82.5,0.0
MNP,Northern Mariana Islands,2019.0,82.82,0.0
MNP,Northern Mariana Islands,2020.0,77.775,0.0
MNP,Northern Mariana Islands,2021.0,90.68,0.0
MNP,Northern Mariana Islands,2022.0,74.38250000000001,0.0
MNP,Northern Mariana Islands,2023.0,90.41499999999999,0.0
MOZ,Mozambique,2018.0,82.0,16.0
MOZ,Mozambique,2019.0,86.16666666666667,63.0
MOZ,Mozambique,2020.0,78.478,426.0
MOZ,Mozambique,2021.0,76.786,619.0
MOZ,Mozambique,2022.0,74.72749999999999,1047.0
MOZ,Mozambique,2023.0,79.13833333333334,656.0
MRT,Mauritania,2018.0,80.64333333333333,77.0
MRT,Mauritania,2019.0,83.0,196.0
MRT,Mauritania,2020.0,84.48333333333333,0.0
MRT,Mauritania,2021.0,79.60333333333334,249.0
MRT,Mauritania,2022.0,84.46666666666667,96.0
MRT,Mauritania,2023.0,57.74666666666667,339.0
MSR,Montserrat,2018.0,87.5,0.0
MSR,Montserrat,2019.0,109.0,0.0
MSR,Montserrat,2021.0,98.185,0.0
MSR,Montserrat,2022.0,97.87,0.0
MSR,Montserrat,2023.0,108.91499999999999,0.0
MUS,Mauritius,2018.0,97.48333333333333,0.0
MUS,Mauritius,2019.0,97.33166666666666,98.0
MUS,Mauritius,2020.0,89.58333333333333,0.0
MUS,Mauritius,2021.0,86.58999999999999,0.0
MUS,Mauritius,2022.0,93.38,0.0
MUS,Mauritius,2023.0,89.84333333333332,0.0
MWI,Malawi,2018.0,79.5,1.0
MWI,Malawi,2019.0,83.5,17.0
MWI,Malawi,2020.0,82.29666666666667,76.0
MWI,Malawi,2021.0,82.0,5.0
MWI,Malawi,2022.0,70.95333333333333,29.0
MWI,Malawi,2023.0,76.0,173.0
MYS,Malaysia,2018.0,93.4225,1981.0
MYS,Malaysia,2019.0,92.05833333333334,1077.0
MYS,Malaysia,2020.0,89.90166666666666,478.0
MYS,Malaysia,2021.0,97.41,128.0
MYS,Malaysia,2022.0,98.57333333333334,209.0
MYS,Malaysia,2023.0,102.03666666666668,2002.0
NAM,Namibia,2018.0,63.666666666666664,9.0
NAM,Namibia,2019.0,68.0,12.0
NAM,Namibia,2020.0,76.62333333333333,5.0
NAM,Namibia,2021.0,73.74666666666667,4.0
NAM,Namibia,2022.0,88.01333333333332,31.0
NAM,Namibia,2023.0,79.29333333333334,42.0
NCL,New Caledonia,2018.0,94.5,0.0
NCL,New Caledonia,2022.0,94.5,0.0
NCL,New Caledonia,2023.0,,0.0
NER,Niger,2018.0,68.55,5034.0
NER,Niger,2019.0,72.83333333333333,10321.0
NER,Niger,2020.0,73.79,2754.0
NER,Niger,2021.0,76.69666666666667,9271.0
NER,Niger,2022.0,56.69833333333333,12898.0
NER,Niger,2023.0,78.04833333333333,1708.0
NGA,Nigeria,2018.0,68.61,7063.0
NGA,Nigeria,2019.0,42.118,28094.0
NGA,Nigeria,2020.0,48.019999999999996,8877.0
NGA,Nigeria,2021.0,47.15833333333333,10649.0
NGA,Nigeria,2022.0,49.31666666666666,23983.0
NGA,Nigeria,2023.0,50.345,20143.0
NIC,Nicaragua,2018.0,101.66666666666667,0.0
NIC,Nicaragua,2019.0,105.0,0.0
NIC,Nicaragua,2020.0,104.23,0.0
NIC,Nicaragua,2021.0,89.66333333333334,0.0
NIC,Nicaragua,2022.0,102.545,0.0
NIC,Nicaragua,2023.0,96.24000000000001,0.0
NIU,Niue,2018.0,100.66666666666667,0.0
NIU,Niue,2019.0,99.66666666666667,0.0
NIU,Niue,2021.0,99.0,0.0
NIU,Niue,2022.0,99.66666666666667,0.0
NIU,Niue,2023.0,99.66666666666667,0.0
NLD,Netherlands (Kingdom of the),2018.0,91.12333333333333,24.0
NLD,Netherlands (Kingdom of the),2019.0,91.74666666666667,84.0
NLD,Netherlands (Kingdom of the),2020.0,91.38,2.0
NLD,Netherlands (Kingdom of the),2021.0,91.30666666666667,0.0
NLD,Netherlands (Kingdom of the),2022.0,87.13999999999999,6.0
NLD,Netherlands (Kingdom of the),2023.0,84.98666666666666,7.0
NOR,Norway,2018.0,94.5,12.0
NOR,Norway,2019.0,96.0,18.0
NOR,Norway,2020.0,95.89666666666666,4.0
NOR,Norway,2021.0,95.92,0.0
NOR,Norway,2022.0,95.21333333333332,1.0
NOR,Norway,2023.0,95.09333333333332,2.0
NPL,Nepal,2018.0,77.83666666666666,260.0
NPL,Nepal,2019.0,82.16666666666667,430.0
NPL,Nepal,2020.0,78.66666666666667,388.0
NPL,Nepal,2021.0,86.19,143.0
NPL,Nepal,2022.0,90.33333333333333,130.0
NPL,Nepal,2023.0,92.59333333333332,963.0
NRU,Nauru,2018.0,96.20166666666667,0.0
NRU,Nauru,2019.0,95.19833333333334,0.0
NRU,Nauru,2020.0,97.58333333333333,0.0
NRU,Nauru,2021.0,100.41333333333334,0.0
NRU,Nauru,2022.0,98.68,0.0
NZL,New Zealand,2018.0,90.86333333333334,30.0
NZL,New Zealand,2019.0,90.88,2189.0
NZL,New Zealand,2020.0,91.05333333333333,7.0
NZL,New Zealand,2021.0,86.61,0.0
NZL,New Zealand,2022.0,86.41000000000001,0.0
NZL,New Zealand,2023.0,86.49000000000001,0.0
OMN,Oman,2018.0,99.52833333333332,0.0
OMN,Oman,2019.0,99.64833333333333,0.0
OMN,Oman,2020.0,99.66666666666667,7.0
OMN,Oman,2021.0,99.59400000000001,0.0
OMN,Oman,2022.0,97.704,5.0
OMN,Oman,2023.0,99.51666666666667,25.0
PAK,Pakistan,2018.0,70.83333333333333,33007.0
PAK,Pakistan,2019.0,79.83833333333332,2066.0
PAK,Pakistan,2020.0,82.20166666666667,2747.0
PAK,Pakistan,2021.0,80.925,10399.0
PAK,Pakistan,2022.0,83.165,8378.0
PAK,Pakistan,2023.0,86.14999999999999,17722.0
PAN,Panama,2018.0,101.16666666666667,0.0
PAN,Panama,2019.0,97.0,0.0
PAN,Panama,2020.0,76.77333333333333,0.0
PAN,Panama,2021.0,83.55666666666667,0.0
PAN,Panama,2022.0,81.03666666666668,0.0
PAN,Panama,2023.0,75.46333333333332,0.0
PER,Peru,2018.0,83.10666666666667,42.0
PER,Peru,2019.0,75.435,2.0
PER,Peru,2020.0,64.61333333333333,0.0
PER,Peru,2021.0,69.05333333333333,0.0
PER,Peru,2022.0,63.943333333333335,0.0
PER,Peru,2023.0,75.0,0.0
PHL,Philippines,2018.0,66.44333333333333,20827.0
PHL,Philippines,2019.0,73.48,48525.0
PHL,Philippines,2020.0,72.89333333333333,3832.0
PHL,Philippines,2021.0,57.35666666666666,206.0
PHL,Philippines,2022.0,67.55,589.0
PHL,Philippines,2023.0,72.61666666666666,2892.0
PLW,Palau,2018.0,82.5,0.0
PLW,Palau,2019.0,92.5,0.0
PLW,Palau,2020.0,88.23,0.0
PLW,Palau,2021.0,88.43666666666667,0.0
PLW,Palau,2022.0,90.70833333333333,0.0
PLW,Palau,2023.0,92.39166666666667,0.0
PNG,Papua New Guinea,2018.0,38.666666666666664,19.0
PNG,Papua New Guinea,2019.0,26.926666666666666,1.0
PNG,Papua New Guinea,2020.0,35.54,4.0
PNG,Papua New Guinea,2021.0,27.47666666666667,0.0
PNG,Papua New Guinea,2022.0,32.95333333333333,2.0
PNG,Papua New Guinea,2023.0,48.96333333333333,12.0
POL,Poland,2018.0,92.60000000000001,359.0
POL,Poland,2019.0,91.89999999999999,1367.0
POL,Poland,2020.0,88.875,29.0
POL,Poland,2021.0,88.29666666666667,13.0
POL,Poland,2022.0,88.49333333333334,27.0
POL,Poland,2023.0,89.2325,35.0
PRK,Democratic People's Republic of Korea,2018.0,98.46666666666665,0.0
PRK,Democratic People's Republic of Korea,2019.0,98.16666666666667,0.0
PRK,Democratic People's Republic of Korea,2020.0,99.02666666666666,0.0
PRK,Democratic People's Republic of Korea,2021.0,95.46,0.0
PRK,Democratic People's Republic of Korea,2022.0,33.586666666666666,0.0
PRK,Democratic People's Republic of Korea,2023.0,22.153333333333332,0.0
PRT,Portugal,2018.0,97.375,162.0
PRT,Portugal,2019.0,97.93333333333334,10.0
PRT,Portugal,2020.0,96.95,10.0
PRT,Portugal,2021.0,96.525,0.0
PRT,Portugal,2022.0,97.0,0.0
PRT,Portugal,2023.0,96.7,0.0
PRY,Paraguay,2018.0,80.0,0.0
PRY,Paraguay,2019.0,77.0,0.0
PRY,Paraguay,2020.0,67.90333333333332,0.0
PRY,Paraguay,2021.0,59.60666666666666,0.0
PRY,Paraguay,2022.0,45.663333333333334,1.0
PRY,Paraguay,2023.0,70.00333333333333,0.0
PSE,"occupied Palestinian territory, including east Jerusalem",2018.0,99.21,0.0
PSE,"occupied Palestinian territory, including east Jerusalem",2019.0,100.25,228.0
PSE,"occupied Palestinian territory, including east Jerusalem",2020.0,100.6075,1001.0
PSE,"occupied Palestinian territory, including east Jerusalem",2021.0,98.605,11.0
PSE,"occupied Palestinian territory, including east Jerusalem",2022.0,94.95666666666666,0.0
PSE,"occupied Palestinian territory, including east Jerusalem",2023.0,89.18666666666667,3.0
PYF,French Polynesia,2018.0,97.25,0.0
PYF,French Polynesia,2019.0,97.0,0.0
PYF,French Polynesia,2020.0,,0.0
PYF,French Polynesia,2021.0,,0.0
PYF,French Polynesia,2022.0,98.85,0.0
PYF,French Polynesia,2023.0,,0.0
QAT,Qatar,2018.0,97.03333333333335,2.0
QAT,Qatar,2019.0,98.8,5.0
QAT,Qatar,2020.0,88.99000000000001,3.0
QAT,Qatar,2021.0,99.05,1.0
QAT,Qatar,2022.0,99.10666666666667,1.0
QAT,Qatar,2023.0,99.13333333333333,127.0
ROU,Romania,2018.0,77.03333333333333,6407.0
ROU,Romania,2019.0,74.61833333333333,3900.0
ROU,Romania,2020.0,72.03666666666668,1004.0
ROU,Romania,2021.0,79.81,2.0
ROU,Romania,2022.0,68.82833333333333,17.0
ROU,Romania,2023.0,55.92166666666666,3677.0
RUS,Russian Federation,2018.0,97.35000000000001,2539.0
RUS,Russian Federation,2019.0,97.25999999999999,4491.0
RUS,Russian Federation,2020.0,96.61333333333334,1212.0
RUS,Russian Federation,2021.0,96.74000000000001,1.0
RUS,Russian Federation,2022.0,96.98,102.0
RUS,Russian Federation,2023.0,88.87666666666667,13083.0
RWA,Rwanda,2018.0,97.415,229.0
RWA,Rwanda,2019.0,94.04333333333334,818.0
RWA,Rwanda,2020.0,93.12666666666667,108.0
RWA,Rwanda,2021.0,85.855,40.0
RWA,Rwanda,2022.0,95.4175,29.0
RWA,Rwanda,2023.0,91.96999999999998,108.0
SAU,Saudi Arabia,2018.0,97.5,1164.0
SAU,Saudi Arabia,2019.0,95.66666666666667,1035.0
SAU,Saudi Arabia,2020.0,96.10000000000001,35.0
SAU,Saudi Arabia,2021.0,97.485,338.0
SAU,Saudi Arabia,2022.0,97.85000000000001,247.0
SAU,Saudi Arabia,2023.0,96.50333333333333,2254.0
SDN,Sudan,2018.0,79.89999999999999,4980.0
SDN,Sudan,2019.0,82.0,3555.0
SDN,Sudan,2020.0,76.78,401.0
SDN,Sudan,2021.0,72.125,0.0
SDN,Sudan,2023.0,44.555,1377.0
SEAR,South-East Asia Region,2018.0,84.0,34741.0
SEAR,South-East Asia Region,2019.0,85.66666666666667,29389.0
SEAR,South-East Asia Region,2020.0,81.66666666666667,9389.0
SEAR,South-East Asia Region,2021.0,81.0,6448.0
SEAR,South-East Asia Region,2022.0,88.33333333333333,49201.0
SEAR,South-East Asia Region,2023.0,88.0,85368.0
SEN,Senegal,2018.0,73.18833333333333,12.0
SEN,Senegal,2019.0,82.89666666666666,267.0
SEN,Senegal,2020.0,81.81833333333333,212.0
SEN,Senegal,2021.0,83.03,187.0
SEN,Senegal,2022.0,71.61666666666666,508.0
SEN,Senegal,2023.0,70.075,564.0
SGP,Singapore,2018.0,92.48333333333333,38.0
SGP,Singapore,2019.0,94.125,152.0
SGP,Singapore,2022.0,94.105,0.0
SGP,Singapore,2023.0,94.43333333333334,0.0
SLB,Solomon Islands,2018.0,73.68666666666667,0.0
SLB,Solomon Islands,2019.0,67.52499999999999,0.0
SLB,Solomon Islands,2020.0,66.00833333333334,0.0
SLB,Solomon Islands,2021.0,53.51666666666667,0.0
SLB,Solomon Islands,2022.0,90.20666666666666,0.0
SLB,Solomon Islands,2023.0,57.97,0.0
SLE,Sierra Leone,2018.0,79.15833333333333,344.0
SLE,Sierra Leone,2019.0,82.5,40.0
SLE,Sierra Leone,2020.0,77.08666666666666,17.0
SLE,Sierra Leone,2021.0,77.0,170.0
SLE,Sierra Leone,2022.0,81.46666666666667,731.0
SLE,Sierra Leone,2023.0,96.28000000000002,645.0
SLV,El Salvador,2018.0,84.0,0.0
SLV,El Salvador,2019.0,95.0,0.0
SLV,El Salvador,2020.0,75.12333333333333,0.0
SLV,El Salvador,2021.0,88.5,0.0
SLV,El Salvador,2022.0,75.96666666666667,0.0
SLV,El Salvador,2023.0,85.35666666666667,0.0
SMR,San Marino,2018.0,86.53333333333335,0.0
SMR,San Marino,2019.0,82.39999999999999,12.0
SMR,San Marino,2020.0,84.55333333333333,0.0
SMR,San Marino,2021.0,84.995,0.0
SMR,San Marino,2022.0,87.825,0.0
SMR,San Marino,2023.0,84.02,0.0
SOM,Somalia,2018.0,62.0,9126.0
SOM,Somalia,2019.0,62.666666666666664,283.0
SOM,Somalia,2020.0,61.93333333333334,2531.0
SOM,Somalia,2021.0,33.0275,7191.0
SOM,Somalia,2022.0,41.81,17361.0
SOM,Somalia,2023.0,40.945,3167.0
SRB,Serbia,2018.0,91.55,5076.0
SRB,Serbia,2019.0,89.25,22.0
SRB,Serbia,2020.0,81.06666666666666,0.0
SRB,Serbia,2021.0,80.36666666666666,1.0
SRB,Serbia,2022.0,85.26,0.0
SRB,Serbia,2023.0,87.66000000000001,50.0
SSD,South Sudan,2018.0,56.28,263.0
SSD,South Sudan,2019.0,35.666666666666664,3401.0
SSD,South Sudan,2020.0,58.379999999999995,1290.0
SSD,South Sudan,2021.0,75.39666666666666,0.0
SSD,South Sudan,2022.0,67.74,3608.0
SSD,South Sudan,2023.0,84.33333333333333,7957.0
STP,Sao Tome and Principe,2018.0,85.16666666666667,0.0
STP,Sao Tome and Principe,2019.0,88.0,0.0
STP,Sao Tome and Principe,2021.0,73.01,0.0
STP,Sao Tome and Principe,2023.0,88.09666666666668,0.0
SUR,Suriname,2018.0,63.666666666666664,0.0
SUR,Suriname,2019.0,58.666666666666664,0.0
SUR,Suriname,2020.0,45.29999999999999,0.0
SUR,Suriname,2021.0,62.526666666666664,0.0
SUR,Suriname,2022.0,74.28666666666668,0.0
SUR,Suriname,2023.0,73.35333333333334,0.0
SVK,Slovakia,2018.0,96.66666666666667,565.0
SVK,Slovakia,2019.0,97.0,318.0
SVK,Slovakia,2020.0,96.975,0.0
SVK,Slovakia,2021.0,95.75666666666666,0.0
SVK,Slovakia,2022.0,95.30333333333333,0.0
SVK,Slovakia,2023.0,94.48333333333333,6.0
SVN,Slovenia,2018.0,93.6,9.0
SVN,Slovenia,2019.0,93.775,51.0
SVN,Slovenia,2020.0,92.575,6.0
SVN,Slovenia,2021.0,93.0,0.0
SVN,Slovenia,2022.0,94.0,0.0
SVN,Slovenia,2023.0,91.975,1.0
SWE,Sweden,2018.0,96.0,43.0
SWE,Sweden,2019.0,95.73333333333333,20.0
SWE,Sweden,2020.0,95.36666666666667,5.0
SWE,Sweden,2021.0,94.05,0.0
SWE,Sweden,2022.0,91.53333333333335,5.0
SWE,Sweden,2023.0,92.575,11.0
SWZ,Eswatini,2018.0,78.88333333333334,0.0
SWZ,Eswatini,2019.0,78.8,0.0
SWZ,Eswatini,2020.0,73.22,0.0
SWZ,Eswatini,2021.0,74.63,0.0
SWZ,Eswatini,2022.0,79.91333333333334,64.0
SWZ,Eswatini,2023.0,83.50666666666666,3.0
SXM,Sint Maarten (Dutch part),2018.0,90.0,0.0
SYC,Seychelles,2018.0,96.41666666666667,0.0
SYC,Seychelles,2019.0,99.2,0.0
SYC,Seychelles,2020.0,98.2,27.0
SYC,Seychelles,2021.0,90.15333333333335,0.0
SYC,Seychelles,2022.0,98.01666666666667,0.0
SYC,Seychelles,2023.0,91.06666666666666,0.0
SYR,Syrian Arab Republic,2018.0,73.5,329.0
SYR,Syrian Arab Republic,2019.0,74.5,27.0
SYR,Syrian Arab Republic,2020.0,70.91333333333334,15.0
SYR,Syrian Arab Republic,2021.0,71.14333333333333,11.0
SYR,Syrian Arab Republic,2022.0,54.583333333333336,217.0
SYR,Syrian Arab Republic,2023.0,73.17999999999999,744.0
TCA,Turks and Caicos Islands,2018.0,87.5,0.0
TCA,Turks and Caicos Islands,2019.0,92.0,0.0
TCA,Turks and Caicos Islands,2020.0,89.355,0.0
TCA,Turks and Caicos Islands,2021.0,82.955,0.0
TCA,Turks and Caicos Islands,2022.0,96.185,0.0
TCA,Turks and Caicos Islands,2023.0,97.695,0.0
TCD,Chad,2018.0,60.31666666666666,1457.0
TCD,Chad,2019.0,59.193333333333335,1882.0
TCD,Chad,2020.0,64.87333333333333,2170.0
TCD,Chad,2021.0,72.67333333333333,2577.0
TCD,Chad,2022.0,38.0,2158.0
TCD,Chad,2023.0,65.08,11862.0
TGO,Togo,2018.0,80.43333333333334,38.0
TGO,Togo,2019.0,73.45166666666667,69.0
TGO,Togo,2020.0,67.14,91.0
TGO,Togo,2021.0,69.30333333333333,82.0
TGO,Togo,2022.0,73.515,722.0
TGO,Togo,2023.0,74.41666666666667,686.0
THA,Thailand,2018.0,90.265,6035.0
THA,Thailand,2019.0,90.62,5412.0
THA,Thailand,2020.0,91.03,0.0
THA,Thailand,2021.0,86.4725,0.0
THA,Thailand,2022.0,86.46666666666665,64.0
THA,Thailand,2023.0,87.575,64.0
TJK,Tajikistan,2018.0,97.46666666666665,0.0
TJK,Tajikistan,2019.0,97.5,7.0
TJK,Tajikistan,2020.0,97.39666666666666,168.0
TJK,Tajikistan,2021.0,96.46333333333332,10.0
TJK,Tajikistan,2022.0,97.57333333333334,454.0
TJK,Tajikistan,2023.0,96.96666666666665,294.0
TKL,Tokelau,2018.0,100.0,0.0
TKL,Tokelau,2019.0,98.0,0.0
TKL,Tokelau,2020.0,94.5,0.0
TKL,Tokelau,2021.0,95.0,0.0
TKL,Tokelau,2022.0,100.0,0.0
TKL,Tokelau,2023.0,96.15,0.0
TKM,Turkmenistan,2018.0,99.0,0.0
TKM,Turkmenistan,2019.0,99.03333333333335,0.0
TKM,Turkmenistan,2020.0,98.76666666666667,0.0
TKM,Turkmenistan,2021.0,97.76666666666667,0.0
TKM,Turkmenistan,2022.0,98.5,0.0
TKM,Turkmenistan,2023.0,98.93333333333334,0.0
TLS,Timor-Leste,2018.0,68.78333333333333,0.0
TLS,Timor-Leste,2019.0,78.5,22.0
TLS,Timor-Leste,2020.0,85.39333333333333,2.0
TLS,Timor-Leste,2021.0,91.63333333333333,0.0
TLS,Timor-Leste,2022.0,101.40333333333335,8.0
TLS,Timor-Leste,2023.0,87.08,7.0
TON,Tonga,2018.0,99.0,0.0
TON,Tonga,2019.0,99.16666666666667,659.0
TON,Tonga,2020.0,99.315,0.0
TON,Tonga,2021.0,99.27666666666666,0.0
TON,Tonga,2022.0,99.27666666666666,0.0
TON,Tonga,2023.0,99.32,12.0
TTO,Trinidad and Tobago,2018.0,91.0,0.0
TTO,Trinidad and Tobago,2019.0,95.5,0.0
TTO,Trinidad and Tobago,2020.0,90.37333333333333,0.0
TTO,Trinidad and Tobago,2021.0,90.58,0.0
TTO,Trinidad and Tobago,2022.0,91.99000000000001,0.0
TTO,Trinidad and Tobago,2023.0,90.25999999999999,0.0
TUN,Tunisia,2018.0,95.18166666666667,13.0
TUN,Tunisia,2019.0,96.26166666666667,4669.0
TUN,Tunisia,2020.0,95.39833333333333,20.0
TUN,Tunisia,2021.0,94.74166666666667,7.0
TUN,Tunisia,2022.0,94.70333333333333,11.0
TUN,Tunisia,2023.0,94.72666666666667,10.0
TUR,Türkiye,2018.0,91.5,716.0
TUR,Türkiye,2019.0,92.52333333333333,2904.0
TUR,Türkiye,2020.0,94.01333333333334,0.0
TUR,Türkiye,2021.0,94.54333333333334,0.0
TUR,Türkiye,2022.0,94.69666666666666,103.0
TUV,Tuvalu,2018.0,84.53333333333335,0.0
TUV,Tuvalu,2019.0,94.2,0.0
TUV,Tuvalu,2020.0,89.09666666666665,0.0
TUV,Tuvalu,2021.0,88.63333333333333,0.0
TUV,Tuvalu,2022.0,89.57000000000001,0.0
TUV,Tuvalu,2023.0,97.87333333333333,0.0
TZA,United Republic of Tanzania,2018.0,87.13666666666667,74.0
TZA,United Republic of Tanzania,2019.0,89.42166666666667,120.0
TZA,United Republic of Tanzania,2020.0,85.3,127.0
TZA,United Republic of Tanzania,2021.0,79.96833333333333,0.0
TZA,United Republic of Tanzania,2022.0,93.09333333333332,612.0
TZA,United Republic of Tanzania,2023.0,106.705,2887.0
UGA,Uganda,2018.0,84.08666666666666,2627.0
UGA,Uganda,2019.0,83.98,920.0
UGA,Uganda,2020.0,93.13999999999999,314.0
UGA,Uganda,2021.0,90.0,606.0
UGA,Uganda,2022.0,76.14833333333333,52.0
UGA,Uganda,2023.0,62.24400000000001,399.0
UKR,Ukraine,2018.0,90.33333333333333,53219.0
UKR,Ukraine,2019.0,92.46666666666665,57282.0
UKR,Ukraine,2020.0,83.43,264.0
UKR,Ukraine,2021.0,87.27166666666666,16.0
UKR,Ukraine,2022.0,71.56666666666666,11.0
UKR,Ukraine,2023.0,89.72166666666668,66.0
URY,Uruguay,2018.0,94.0,0.0
URY,Uruguay,2019.0,97.5,9.0
URY,Uruguay,2020.0,93.32666666666667,2.0
URY,Uruguay,2021.0,87.64333333333333,0.0
URY,Uruguay,2022.0,93.87,0.0
URY,Uruguay,2023.0,93.03666666666668,0.0
USA,United States of America,2018.0,92.95,375.0
USA,United States of America,2019.0,92.6,0.0
USA,United States of America,2020.0,92.23333333333333,1275.0
USA,United States of America,2021.0,92.86666666666667,14.0
USA,United States of America,2022.0,92.86666666666667,0.0
USA,United States of America,2023.0,93.5,0.0
UZB,Uzbekistan,2018.0,97.73333333333333,22.0
UZB,Uzbekistan,2019.0,98.46666666666665,1672.0
UZB,Uzbekistan,2020.0,99.47666666666667,4103.0
UZB,Uzbekistan,2021.0,98.86666666666667,0.0
UZB,Uzbekistan,2022.0,99.38333333333333,7.0
UZB,Uzbekistan,2023.0,99.33333333333333,1176.0
VCT,Saint Vincent and the Grenadines,2018.0,113.66666666666667,0.0
VCT,Saint Vincent and the Grenadines,2019.0,121.33333333333333,0.0
VCT,Saint Vincent and the Grenadines,2020.0,104.03333333333335,0.0
VCT,Saint Vincent and the Grenadines,2021.0,94.78000000000002,0.0
VCT,Saint Vincent and the Grenadines,2022.0,99.35000000000001,0.0
VCT,Saint Vincent and the Grenadines,2023.0,91.10666666666667,0.0
VEN,Venezuela (Bolivarian Republic of),2018.0,56.5,5667.0
VEN,Venezuela (Bolivarian Republic of),2019.0,53.0,548.0
VEN,Venezuela (Bolivarian Republic of),2020.0,52.123333333333335,0.0
VEN,Venezuela (Bolivarian Republic of),2021.0,52.656666666666666,0.0
VEN,Venezuela (Bolivarian Republic of),2022.0,41.0375,0.0
VEN,Venezuela (Bolivarian Republic of),2023.0,53.72,0.0
VGB,British Virgin Islands,2018.0,88.5,0.0
VGB,British Virgin Islands,2019.0,84.0,0.0
VGB,British Virgin Islands,2020.0,98.13,0.0
VGB,British Virgin Islands,2021.0,76.34,0.0
VGB,British Virgin Islands,2022.0,75.48,0.0
VGB,British Virgin Islands,2023.0,79.375,0.0
VNM,Viet Nam,2018.0,93.64,2256.0
VNM,Viet Nam,2019.0,93.70750000000001,14156.0
VNM,Viet Nam,2020.0,95.0275,846.0
VNM,Viet Nam,2021.0,86.96999999999998,162.0
VNM,Viet Nam,2022.0,84.32333333333334,23.0
VNM,Viet Nam,2023.0,83.99666666666667,43.0
VUT,Vanuatu,2018.0,75.66666666666667,0.0
VUT,Vanuatu,2019.0,78.69,0.0
VUT,Vanuatu,2020.0,78.0,0.0
VUT,Vanuatu,2021.0,50.0,0.0
VUT,Vanuatu,2022.0,70.0,0.0
VUT,Vanuatu,2023.0,61.2,0.0
WLF,Wallis and Futuna,2018.0,,0.0
WLF,Wallis and Futuna,2019.0,,0.0
WPR,Western Pacific Region,2018.0,92.33333333333333,29503.0
WPR,Western Pacific Region,2019.0,92.33333333333333,78479.0
WPR,Western Pacific Region,2020.0,92.0,6605.0
WPR,Western Pacific Region,2021.0,89.66666666666667,1064.0
WPR,Western Pacific Region,2022.0,90.33333333333333,1442.0
WPR,Western Pacific Region,2023.0,91.0,5630.0
WSM,Samoa,2018.0,34.0,0.0
WSM,Samoa,2019.0,77.43666666666667,5687.0
WSM,Samoa,2020.0,62.48333333333333,11.0
WSM,Samoa,2021.0,56.050000000000004,0.0
WSM,Samoa,2022.0,63.48,0.0
WSM,Samoa,2023.0,81.0325,0.0
XKX,Kosovo (in accordance with UN Security Council resolution 1244 (1999)),2020.0,91.85,0.0
XKX,Kosovo (in accordance with UN Security Council resolution 1244 (1999)),2021.0,88.41,0.0
XKX,Kosovo (in accordance with UN Security Council resolution 1244 (1999)),2022.0,90.66,0.0
XKX,Kosovo (in accordance with UN Security Council resolution 1244 (1999)),2023.0,91.76,1.0
YEM,Yemen,2018.0,57.31666666666666,10640.0
YEM,Yemen,2019.0,58.333333333333336,1161.0
YEM,Yemen,2020.0,58.166666666666664,298.0
YEM,Yemen,2021.0,61.666666666666664,4904.0
YEM,Yemen,2022.0,64.66666666666667,23941.0
YEM,Yemen,2023.0,60.94333333333333,49755.0
ZAF,South Africa,2018.0,78.34666666666668,71.0
ZAF,South Africa,2019.0,80.96666666666667,59.0
ZAF,South Africa,2020.0,80.14666666666666,40.0
ZAF,South Africa,2021.0,84.64666666666666,21.0
ZAF,South Africa,2022.0,86.50666666666666,400.0
ZAF,South Africa,2023.0,81.72500000000001,1033.0
ZMB,Zambia,2018.0,79.54833333333333,11.0
ZMB,Zambia,2019.0,79.495,15.0
ZMB,Zambia,2020.0,92.94833333333334,237.0
ZMB,Zambia,2021.0,83.62666666666667,55.0
ZMB,Zambia,2022.0,80.43666666666667,1755.0
ZMB,Zambia,2023.0,74.42333333333333,5653.0
ZWE,Zimbabwe,2018.0,82.28666666666668,1.0
ZWE,Zimbabwe,2019.0,80.0,4.0
ZWE,Zimbabwe,2020.0,79.54666666666667,3.0
ZWE,Zimbabwe,2021.0,82.0,282.0
ZWE,Zimbabwe,2022.0,84.78166666666667,5532.0
ZWE,Zimbabwe,2023.0,85.80166666666666,5532.0
